S no.,Emp_ID,Name,DOB,Sex,Email,Address,Phone No.,Pay(in rs),Designation,Date of joining
1,65175,Addia Smyth,10/28/1985,F,asmythh@hubpages.com,947 Talisman Terrace,4131740184,87000,Finance,10/10/2005
2,41859,Adelaide Steljes,5/29/2000,M,asteljes29@soundcloud.com,76856 Namekagon Alley,1302480774,176000,Consumer Durables,10/31/2005
3,62046,Aguste Keam,11/6/1986,M,akeam1d@xing.com,78 Sherman Junction,480161763,180000,Finance,5/19/2009
4,84905,Alistair Low,9/16/1989,M,alow1z@alibaba.com,4 Morning Avenue,974406384,113000,Consumer Services,1/12/2007
5,46811,Alphonso Broxholme,1/19/1984,F,abroxholmex@hud.gov,6692 Erie Trail,6934869583,160000,Finance,8/15/2001
6,79780,Andie Meader,11/18/1996,M,ameader2e@hp.com,47702 Katie Way,3833425482,153000,Engineers,2/12/2011
7,61964,Angelique Goodere,8/14/1985,F,agoodere1v@creativecommons.org,1350 Goodland Crossing,9687618566,68000,Consumer Non-Durables,1/14/2014
8,49093,Arline Baelde,6/9/1986,F,abaelde2i@nbcnews.com,97719 Ryan Circle,7774794301,167000,Basic Industries,10/26/2013
9,65852,Barbra Milroy,10/26/1989,M,bmilroyq@issuu.com,49375 Menomonie Pass,2510480324,154000,Consumer Services,1/12/2003
10,80455,Bernardo Tosh,9/1/1994,F,btosh21@arstechnica.com,827 Shopko Circle,9212211518,67000,Engineers,4/23/2013
11,68669,Bo Lazonby,4/7/1994,M,blazonby2r@auda.org.au,8216 Hayes Hill,6977892552,102000,Energy,4/5/2010
12,71441,Boycey Thorwarth,8/29/2000,F,bthorwarth1m@lulu.com,05 Graedel Road,9790634870,84000,Finance,12/7/2004
13,93235,Byrle Baack,9/5/1996,M,bbaack1a@reverbnation.com,1585 Sachtjen Alley,9472580343,167000,Health Care,4/11/2003
14,36813,Carley Heineking,5/26/1990,M,cheineking2b@samsung.com,3 Golden Leaf Place,3427671550,100000,Health Care,8/10/2007
15,71972,Cary Upchurch,10/25/1984,F,cupchurch2n@themeforest.net,3761 Drewry Park,1619602490,56000,Health Care,6/9/2009
16,89021,Cate Heino,8/28/1990,M,cheino20@youtube.com,1 Judy Trail,1202418031,78000,Consumer Services,9/29/2015
17,81598,Cherie Lightbourne,3/6/2000,F,clightbournee@bigcartel.com,54 Vermont Plaza,8662140467,159000,Engineers,2/18/2005
18,71840,Christa Clingoe,6/18/1999,M,cclingoe1h@psu.edu,7 Schmedeman Junction,4165640735,160000,Engineers,4/8/2016
19,53518,Chucho Benning,3/26/1984,F,cbenning1k@ibm.com,67505 Schurz Circle,9872713812,70000,Health Care,9/24/2001
20,67020,Chuck Stollwerck,1/27/2000,F,cstollwerck2h@harvard.edu,0468 Park Meadow Drive,7457160396,68000,Finance,3/25/2009
21,87823,Coraline Devanney,9/23/1998,M,cdevanney2l@prweb.com,793 Killdeer Point,4170999045,87000,Basic Industries,5/5/2017
22,41158,Cordula O'Cannovane,8/27/1990,M,cocannovane9@github.com,07805 Birchwood Lane,1061499626,108000,Consumer Services,2/5/2004
23,43691,Corilla MacDonough,12/1/1982,M,cmacdonough0@cam.ac.uk,5686 Nobel Circle,352520361,39000,Capital Goods,3/1/2012
24,83720,Cornell Sammars,11/10/1981,F,csammars7@rambler.ru,42695 Lotheville Circle,7803204392,95000,Engineers,1/23/2018
25,82773,Courtenay Larsen,8/9/1985,F,clarsen17@webnode.com,9356 Haas Street,8795651896,113000,Energy,12/12/2007
26,76484,Cyrillus Petti,1/7/1996,M,cpetti22@telegraph.co.uk,591 Vidon Point,7470276009,178000,Consumer Services,9/6/2006
27,74760,Damiano Aldham,12/13/1999,M,daldham1f@netscape.com,3134 6th Hill,4855357235,123000,Energy,4/13/2003
28,38572,Dulciana Willford,6/2/1992,M,dwillfordc@themeforest.net,650 Kipling Alley,682617598,111000,Basic Industries,5/29/2019
29,94614,Emalee Passingham,4/29/1989,M,epassingham26@utexas.edu,04854 Union Way,470075880,129000,Engineers,10/9/2008
30,71535,Fianna Giannassi,12/20/1987,F,fgiannassik@mediafire.com,72 Russell Junction,6831712150,114000,Finance,5/3/2002
31,75576,Fielding Belden,4/26/1994,M,fbelden2@mediafire.com,7 Redwing Hill,2300861011,49000,Technology,12/9/2001
32,61868,Filmore Cockarill,4/6/1988,F,fcockarillz@slate.com,9854 Dakota Drive,1361311487,54000,Engineers,3/21/2002
33,44025,Gaspar Hickinbottom,1/6/1993,M,ghickinbottom2g@clickbank.net,06277 Shoshone Circle,5419122162,35000,Consumer Services,2/29/2012
34,90473,Germana Ellice,8/23/1991,M,gellice14@reverbnation.com,50762 La Follette Way,2307094091,78000,Miscellaneous,8/30/2012
35,81768,Gherardo Switzer,6/23/1993,M,gswitzer2d@ameblo.jp,50180 Prentice Terrace,6076393416,143000,Consumer Non-Durables,4/28/2006
36,80854,Goldie Rockingham,12/13/1990,F,grockingham1q@chronoengine.com,84205 Mesta Street,8894517500,54000,Capital Goods,6/22/2006
37,85512,Gonzales Pinching,1/7/1988,F,gpinchingu@java.com,85704 Mandrake Terrace,7016711056,74000,Finance,4/22/2006
38,42516,Gussie Page,5/18/1992,M,gpage2k@quantcast.com,125 Troy Parkway,4516615533,131000,Engineers,8/29/2006
39,90100,Jeana Alliband,1/19/1993,M,jalliband1b@sfgate.com,116 Commercial Trail,3426993333,103000,Health Care,7/18/2006
40,46838,Jenni Padkin,5/25/1997,F,jpadkin1g@amazon.de,3 Hoepker Court,6554757449,111000,Finance,11/10/2008
41,54186,Jesse Piercey,7/13/1996,F,jpierceyn@mozilla.org,2 Boyd Place,8164876887,136000,Consumer Services,5/29/2006
42,40134,Jillana Ubsdell,11/5/1997,F,jubsdell1c@princeton.edu,2 Hovde Way,4265193188,146000,Technology,8/11/2009
43,40764,Jojo Wickman,7/12/1981,F,jwickmant@bloglines.com,3669 Loftsgordon Lane,3614812979,45000,Health Care,9/23/2007
44,49693,Jori Jertz,7/19/1999,M,jjertz1s@histats.com,316 Grayhawk Crossing,9170999538,62000,Technology,10/29/2008
45,85216,Josy Jackling,8/28/1998,F,jjacklingd@auda.org.au,8954 Dakota Pass,1845340493,182000,Engineers,10/24/2006
46,91836,Kale Brahams,7/8/1995,F,kbrahams1j@hhs.gov,5152 Merrick Point,6687383841,184000,Technology,4/5/2016
47,38182,Kandace Aylen,6/22/1991,M,kaylen18@mtv.com,8859 Sommers Avenue,1395022658,53000,Basic Industries,11/27/2005
48,68782,Kelwin Angelini,10/15/1994,M,kangelini2f@lycos.com,15795 Hanover Parkway,9986562058,73000,Health Care,8/16/2002
49,64795,Kenn Childes,1/14/1992,M,kchildes2p@stumbleupon.com,51121 Kim Alley,3756039579,171000,Consumer Durables,1/29/2016
50,60515,Kennie Masterson,2/10/1990,F,kmasterson1l@dedecms.com,8262 Debs Terrace,2893762131,200000,Technology,8/14/2003
51,94027,Konrad Americi,1/17/1982,F,kamericii@cyberchimps.com,1 Fairfield Plaza,6834466134,109000,Capital Goods,4/24/2009
52,49136,Kurtis Carik,11/16/1989,O,kcarik25@w3.org,3553 Hudson Hill,3266101278,118000,Consumer Durables,4/10/2007
53,35945,Kyle Quarton,11/20/1998,F,kquarton1x@narod.ru,464 Cordelia Terrace,3993345878,129000,Finance,12/28/2003
54,40278,Lazar Yegorkov,6/8/1986,F,lyegorkov2c@fc2.com,41 Gulseth Crossing,3130316094,84000,Engineers,3/13/2001
55,54190,Lise Newcom,11/21/1990,O,lnewcom12@nps.gov,400 East Plaza,4896026454,78000,Engineers,5/17/2008
56,68750,Lonnard Tointon,10/6/1987,F,ltointon1i@nature.com,9 Eagle Crest Avenue,4560553157,197000,Capital Goods,1/6/2011
57,75036,Mackenzie Rawlinson,3/1/1987,M,mrawlinson1w@bravesites.com,4446 Forest Run Street,1519607733,186000,Finance,5/6/2003
58,94433,Marietta O'Connolly,3/23/1995,F,moconnollys@ft.com,8 Sunfield Pass,6795142914,165000,Engineers,8/22/2012
59,63527,Melisandra Lilburne,5/30/1981,F,mlilburne1o@skyrock.com,743 Stephen Street,5900609170,84000,Health Care,4/26/2012
60,86503,Mendel Wainwright,7/15/1992,M,mwainwrightp@storify.com,5 Del Mar Place,7186076602,181000,Engineers,10/4/2011
61,76446,Merna Schlagh,6/7/1994,M,mschlaghy@arstechnica.com,82200 Transport Avenue,2500564312,167000,Engineers,3/22/2009
62,93357,Micky Brosi,9/5/1983,M,mbrosiw@ca.gov,41193 David Way,2432786068,85000,Finance,9/15/2017
63,80810,Miller Corsor,5/4/1983,M,mcorsor1y@weibo.com,7 Heffernan Place,669528269,130000,Capital Goods,3/18/2007
64,45024,Nadean Braunds,5/1/1987,F,nbraunds1t@cnet.com,6 Merrick Terrace,1319701809,134000,Finance,8/7/2009
65,38993,Nedda Plackstone,6/29/1989,M,nplackstoneo@hostgator.com,635 Eastwood Terrace,4037512459,183000,Technology,4/30/2019
66,35164,Nettle Queyos,8/7/1997,F,nqueyosv@desdev.cn,26018 Melody Road,4725150134,148000,Health Care,1/9/2019
67,55931,Nial Goodlet,8/26/1982,M,ngoodlet2a@flavors.me,9103 Sunbrook Alley,7330210692,177000,Engineers,5/19/2012
68,43091,Nickolas Tabard,12/7/1985,F,ntabard1e@zimbio.com,4 Goodland Place,188200517,193000,Health Care,11/9/2000
69,82963,Octavia Drake,11/19/1983,M,odrake3@tripod.com,903 Tennessee Place,581591011,170000,Capital Goods,1/3/2004
70,78746,Olenka Bagge,8/14/1984,F,obaggej@furl.net,99 8th Parkway,4214670671,40000,Technology,12/30/2012
71,87465,Oriana De Meis,10/15/1991,F,ode1p@myspace.com,83768 Kensington Way,9437537224,111000,Health Care,3/7/2016
72,41580,Otha Kee,3/7/1981,F,okee5@google.cn,92 Gulseth Street,2450040439,84000,Public Utilities,2/17/2016
73,99496,Pammie Ibanez,11/22/1999,F,pibanezm@weebly.com,3064 Cottonwood Alley,3766021648,49000,Consumer Services,9/5/2002
74,73217,Reider Tockell,1/7/1993,M,rtockell11@prweb.com,8036 Artisan Road,5224422965,153000,Energy,12/9/2016
75,90179,Reinhold Delue,10/13/1987,F,rdelue23@unesco.org,62 Killdeer Avenue,7743045935,59000,Consumer Services,9/19/2016
76,72757,Rey Balmforth,11/9/1986,F,rbalmforth19@marriott.com,629 Laurel Pass,727621297,110000,Engineers,9/29/2015
77,88260,Robbi Kasbye,8/7/1988,F,rkasbye13@squidoo.com,36022 Sunbrook Crossing,8890521759,181000,Public Utilities,9/7/2002
78,49782,Rora Battson,5/27/1982,M,rbattson8@psu.edu,5517 Grover Crossing,1365219631,139000,Engineers,2/15/2009
79,81452,Rosaline Ackwood,6/26/2000,F,rackwood4@jalbum.net,83261 Lawn Place,6115150027,115000,Engineers,4/23/2005
80,60745,Russ Samper,4/3/1994,M,rsampera@instagram.com,805 Union Lane,1104384205,165000,Consumer Services,9/16/2004
81,47511,Rutter O'Day,4/13/1984,F,rodayr@senate.gov,4 Armistice Way,7113911897,168000,Engineers,6/4/2012
82,37457,Samaria Dunster,12/12/1996,F,sdunster2q@eventbrite.com,98 Green Ridge Lane,6500173201,102000,Finance,2/22/2012
83,49345,Sandi Son,1/10/1986,F,ssonl@simplemachines.org,25137 Melrose Place,3690264634,139000,Technology,4/13/2013
84,70875,Sarah Mesant,1/17/1997,F,smesant24@cpanel.net,756 Ludington Terrace,3117347569,120000,Capital Goods,7/1/2013
85,44208,Sari Bloxsom,3/13/1990,F,sbloxsomb@csmonitor.com,95 1st Park,6025229457,45000,Finance,10/22/2001
86,80982,Sayer Skinn,7/7/1983,M,sskinn2m@newyorker.com,0372 Division Lane,914664980,102000,Engineers,1/28/2008
87,36839,Seana Rameau,1/31/1984,F,srameau6@multiply.com,035 Forest Junction,642458065,171000,Basic Industries,2/23/2003
88,78042,Shaine Pilsworth,3/24/1982,O,spilsworthf@tripadvisor.com,865 Warner Avenue,3581395258,147000,Technology,4/28/2010
89,68723,Sterling Abys,4/28/1988,F,sabys1r@amazonaws.com,13 Spohn Point,6067648288,37000,Finance,12/29/2004
90,83697,Sylvester Neissen,1/4/1990,M,sneissen1@nymag.com,714 Randy Lane,1227401957,182000,Basic Industries,1/18/2007
91,60286,Talia Bartoszewicz,11/21/1995,M,tbartoszewicz15@businesswire.com,7 Spohn Place,762283750,38000,Consumer Non-Durables,7/4/2002
92,51949,Torrance MacTeague,10/29/1998,F,tmacteague27@fema.gov,00 Tennyson Terrace,8847498635,70000,Consumer Non-Durables,6/19/2008
93,91730,Tucky Lombardo,12/29/1987,M,tlombardo1n@plala.or.jp,88115 Bluestem Plaza,3831318948,185000,Engineers,4/8/2008
94,46781,Tymon Burras,12/17/1991,M,tburras1u@wiley.com,982 Warbler Drive,1543451993,91000,Finance,12/7/2011
95,56302,Ursola Pedlingham,4/4/1994,F,upedlinghamg@goo.gl,6505 Gulseth Hill,2849059374,63000,Finance,9/16/2010
96,48668,Vyky Rolin,10/20/1984,M,vrolin2j@cornell.edu,27 Village Road,719110041,195000,Engineers,8/14/2002
97,73202,Wash Setterfield,9/16/1991,M,wsetterfield10@indiegogo.com,7 Monument Trail,6745081059,51000,Engineers,4/29/2018
98,77166,Wendell Ibanez,3/31/1989,F,wibanez2o@diigo.com,122 Monterey Avenue,2609680554,74000,Consumer Services,6/21/2016
99,81683,Willette Clementi,10/8/1982,F,wclementi16@alexa.com,60 Hermina Lane,6460742170,164000,Capital Goods,9/22/2005
100,84705,Willette Jayume,5/8/1986,M,wjayume28@edublogs.org,1398 Oriole Place,8182195284,145000,Engineers,10/12/2016
